关键字,查询命令,link,title,ip,port,status_code,protocol,org,os,server,version,product
后台管理,"title=""后台管理""",http://211.149.232.110:5005:5005,Erp后台管理系统,211.149.232.110,5005,200,http,CHINANET SiChuan Telecom Internet Data Center,['windows'],Microsoft-IIS/7.5,microsoft-iis/7.5,"[{'category': '其他企业应用', 'product': 'ERP后台管理系统'}, {'category': '服务', 'product': 'IIS'}, {'category': '中间件', 'product': 'jQuery'}, {'category': '脚本语言', 'product': 'Microsoft-ASP.NET'}, {'category': '脚本语言', 'product': 'Microsoft-ASP'}, {'category': '开发框架', 'product': 'Bootstrap'}, {'category': '其他企业应用', 'product': 'YiShaAdmin'}]"
后台管理,"title=""后台管理""",http://121.40.155.71:8089:8089,"	 聚梦盛世棋牌后台管理系统 - 管理员登录",121.40.155.71,8089,200,http,"Hangzhou Alibaba Advertising Co.,Ltd.",['windows'],Microsoft-IIS/7.5,microsoft-iis/7.5,"[{'category': '服务', 'product': 'IIS'}, {'category': '中间件', 'product': 'jQuery'}, {'category': '脚本语言', 'product': 'Microsoft-ASP'}, {'category': '脚本语言', 'product': 'Microsoft-ASP.NET'}]"
后台管理,"title=""后台管理""",http://112.125.93.199:4001:4001,后台管理-登陆,112.125.93.199,4001,200,http,"Hangzhou Alibaba Advertising Co.,Ltd.",['centos'],Apache/2.4.6 (CentOS) PHP/7.2.34,php/7.2.34,"[{'category': '操作系统', 'product': 'CentOS'}, {'category': '服务', 'product': 'APACHE-HTTP_Server'}, {'category': '组件', 'product': 'Layui'}, {'category': '服务', 'product': '七牛云-七牛CDN'}, {'category': '脚本语言', 'product': 'php'}, {'category': '其他企业应用', 'product': 'html5.js'}, {'category': '中间件', 'product': 'jQuery'}]"
https://www.baidu.com/more/,"protocol=""https"" && domain=""www.baidu.com""",https://www.baidu.com.0051-xiaoghakdlissjwhf.win:8008,,103.140.9.5,8008,200,https,"Wuhan LSHIY Network Technology Co., Ltd.",[],Max,,None
https://www.baidu.com/more/,"protocol=""https"" && domain=""www.baidu.com""",https://www.baidu.com.redwa.cn,,121.4.192.41,443,200,https,Shenzhen Tencent Computer Systems Company Limited,[],nginx,,"[{'category': '服务', 'product': 'NGINX'}, {'category': '数据证书', 'product': 'TRUSTASIA-Cert'}]"
reg.jd.com/reg/person,"domain=""reg.jd.com"" || host=""reg.jd.com""",https://reg.jd.com,302 Found,103.107.90.183,443,302,https,,[],jfe,jfe/,"[{'category': '数据证书', 'product': 'GlobalSign-Cert'}]"
reg.jd.com/reg/person,"domain=""reg.jd.com"" || host=""reg.jd.com""",http://reg.jd.com:80,302 Found,103.107.90.183,80,302,http,,[],jfe,jfe/,None
登录页面,"title=""登录页面""",https://113.234.185.213:60443,SSLVPN登录页面,113.234.185.213,60443,200,https,CHINA UNICOM China169 Backbone,[],sslvpn 1.0,sslvpn/1.0,"[{'category': '中间件', 'product': 'jQuery'}, {'category': 'VPN产品', 'product': 'Ruijie-SSLVPN'}]"
登录页面,"title=""登录页面""",http://mychop.chop.edu:80,MyChart - 登录页面,159.14.234.53,80,200,http,CHOP,[],,,"[{'category': '中间件', 'product': 'jQuery'}, {'category': '脚本语言', 'product': 'Microsoft-ASP'}]"
登录页面,"title=""登录页面""",https://221.239.28.154:2424,SSLVPN登录页面,221.239.28.154,2424,200,https,ASN for TIANJIN Provincial Net of CT,[],sslvpn 1.0,sslvpn/1.0,"[{'category': '中间件', 'product': 'jQuery'}, {'category': 'VPN产品', 'product': 'Ruijie-SSLVPN'}]"
login,"title=""login""",http://182.53.216.217:89:89,::: Login :::,182.53.216.217,89,200,http,TOT Public Company Limited,['linux'],Linux/2.x UPnP/1.0 Avtech/1.0,avtech/1.0|linux/2.x|upnp/1.0,"[{'category': '操作系统', 'product': 'Linux-操作系统'}, {'category': '服务', 'product': 'avtech'}]"
login,"title=""login""",http://112.223.38.131:3001:3001,login,112.223.38.131,3001,200,http,LG DACOM Corporation,[],WebServer,webserver/,"[{'category': '视频监控', 'product': '视频监控'}, {'category': '中间件', 'product': 'jQuery'}]"
login,"title=""login""",http://179.226.186.220:8089:8089,Login,179.226.186.220,8089,200,http,TELEFONICA BRASIL S.A,[],lighttpd/1.4.51,lighttpd/1.4.51,"[{'category': '服务', 'product': 'LIGHTTPD'}, {'category': '中间件', 'product': 'jQuery'}, {'category': '开发框架', 'product': 'jQuery_UI'}, {'category': '开发框架', 'product': 'Font-Awesome'}, {'category': '开发框架', 'product': 'Bootstrap'}]"
