关键字,查询命令,url,web_title,ip,port,status_code,as_org,os,company,component,vul_list
后台管理,"web.title=""后台管理""",http://axtyw.kltaiot.com,登录--安兴太阳湾管理后台,175.27.194.53,80,200,Shenzhen Tencent Computer Systems Company Limited,,安徽丽鑫智能科技有限公司,"[{'name': 'PHP', 'version': ''}, {'name': 'Nginx', 'version': ''}]",
后台管理,"web.title=""后台管理""",http://175.178.118.175:8082,YT-Flowable-Plus后台管理系统,175.178.118.175,8082,200,Shenzhen Tencent Computer Systems Company Limited,,,"[{'name': 'Nginx', 'version': '1.26.1'}]",
后台管理,"web.title=""后台管理""",http://www.hxsd08.com:9213,登陆网站管理后台,175.178.126.115,9213,200,Shenzhen Tencent Computer Systems Company Limited,,广东华厦电力销售有限公司,"[{'name': 'Font Awesome', 'version': ''}, {'name': 'jQuery', 'version': ''}, {'name': 'Bootstrap', 'version': ''}, {'name': 'RuoYi 若依', 'version': ''}]",
https://www.baidu.com/more/,"protocol=""https"" && domain=""www.baidu.com""",https://www.baidu.com.chineseplus.net,中文联盟 chineseplus,43.144.131.116,443,200,Shenzhen Tencent Computer Systems Company Limited,,五洲汉风网络科技（北京）有限公司,"[{'name': 'Nginx', 'version': ''}]",
https://www.baidu.com/more/,"protocol=""https"" && domain=""www.baidu.com""",https://www.baidu.com.zhuchang.com.cn,IIS7,60.173.116.151,443,200,Chinanet,Windows,广德竹昌电子科技有限公司,"[{'name': 'IIS', 'version': ''}, {'name': 'Windows Server', 'version': ''}, {'name': 'Microsoft ASP.NET', 'version': ''}]",
https://www.baidu.com/more/,"protocol=""https"" && domain=""www.baidu.com""",https://www.baidu.com.yuyaosc.com:4433,Login,61.163.78.6,4433,200,CHINA UNICOM China169 Backbone,,,"[{'name': 'Hillstone-SG-6000 防火墙', 'version': ''}]",
reg.jd.com/reg/person,"domain=""reg.jd.com"" || domain.suffix=""reg.jd.com""",http://reg.jd.com.gslb.qianxun.com,京东,111.206.227.92,80,200,China Unicom Beijing Province Network,,北京京东叁佰陆拾度电子商务有限公司,None,
reg.jd.com/reg/person,"domain=""reg.jd.com"" || domain.suffix=""reg.jd.com""",http://reg.jd.com,京东(JD.COM)-正品低价、品质保障、配送及时、轻松购物！,111.206.227.92,80,200,China Unicom Beijing Province Network,,北京京东叁佰陆拾度电子商务有限公司,None,
reg.jd.com/reg/person,"domain=""reg.jd.com"" || domain.suffix=""reg.jd.com""",https://reg.jd.com,京东(JD.COM)-正品低价、品质保障、配送及时、轻松购物！,111.206.227.92,443,200,China Unicom Beijing Province Network,,北京京东叁佰陆拾度电子商务有限公司,None,
登录页面,"web.title=""登录页面""",http://wxwb.chftne.cn:8100,登录页面,47.106.99.158,8100,200,"Hangzhou Alibaba Advertising Co.,Ltd.",,成都峰泰电气有限公司,"[{'name': 'Vue.js', 'version': ''}, {'name': 'Kestrel', 'version': ''}, {'name': 'jQuery', 'version': ''}, {'name': 'Microsoft ASP.NET', 'version': ''}]",
登录页面,"web.title=""登录页面""",http://jzs.kj-cloud.cn:8085,登录页面,47.114.119.30,8085,200,"Hangzhou Alibaba Advertising Co.,Ltd.",Windows,宁波亿皇国际贸易有限公司,"[{'name': 'IIS', 'version': ''}, {'name': 'Font Awesome', 'version': ''}, {'name': 'jQuery', 'version': ''}, {'name': 'Windows Server', 'version': ''}, {'name': 'Microsoft ASP.NET', 'version': '4.0.30319'}]",
登录页面,"web.title=""登录页面""",https://erp.insoftb.com:8443,SSLVPN登录页面,175.43.6.203,8443,200,CHINA UNICOM China169 Backbone,,婴舒宝（中国）有限公司,"[{'name': 'Ruijie 锐捷 SSL VPN', 'version': ''}, {'name': 'jQuery', 'version': ''}]",
login,"web.title=""login""",http://demo.homoeopulse.in,Login,172.93.223.82,80,200,EWEBGURU,,,"[{'name': 'Apache', 'version': '2'}]",
login,"web.title=""login""",http://cdn.exacti.com.br,Control Panel - Login,174.138.109.154,80,200,DIGITALOCEAN-ASN,,,"[{'name': 'jQuery', 'version': ''}, {'name': 'PHP', 'version': ''}, {'name': 'Bootstrap', 'version': ''}]",
login,"web.title=""login""",http://s14.exactiweb.com,Control Panel - Login,174.138.109.154,80,200,DIGITALOCEAN-ASN,,,"[{'name': 'jQuery', 'version': ''}, {'name': 'PHP', 'version': ''}, {'name': 'Bootstrap', 'version': ''}]",
