关键字,查询命令,url,service.http.title,ip,port,service.http.status_code,org,service.name,service.http.server,service.http.x_powered_by
后台管理,"title:""后台管理""",http://qianapi.81812333.com:8001,聚千保理赔后台管理系统,116.62.6.27,8001,200,Alibaba Cloud,http,Microsoft-IIS/10.0,ASP.NET
后台管理,"title:""后台管理""",http://uup2.yzjinhui.top:8001,后台管理系统,8.137.86.126,8001,200,Alibaba Cloud,http,nginx/1.10.2,
后台管理,"title:""后台管理""",http://seller.lc503.com:80,"
   商家后台管理系统
  ",192.238.254.3,80,200,Antbox Networks Limited,http,nginx,
127.0.0.1/test,"ip:""127.0.0.1""",http://pantchenko.fr:80,Accueil-Pantchenko,127.0.0.1,80,200,TATA,http,nginx,
127.0.0.1/test,"ip:""127.0.0.1""",http://fraudprevention.tech:80,fraudprevention.tech,127.0.0.1,80,200,TATA,http,nginx,
127.0.0.1/test,"ip:""127.0.0.1""",http://sliasellim.com:80,sliasellim.com,127.0.0.1,80,200,TATA,http,nginx,
reg.jd.com/reg/person,"domain:""reg.jd.com"" OR hostname:""reg.jd.com""",https://tw.otplogin.reg.jd.com:443,302 Found,111.13.28.191,443,302,China Mobile,http/ssl,jfe,
reg.jd.com/reg/person,"domain:""reg.jd.com"" OR hostname:""reg.jd.com""",https://reg.jd.com:443,"
   企业注册
  ",120.52.148.41,443,200,China Unicom,http/ssl,jfe,
reg.jd.com/reg/person,"domain:""reg.jd.com"" OR hostname:""reg.jd.com""",http://tw.otplogin.reg.jd.com:80,302 Found,111.13.28.191,80,302,China Mobile,http,jfe,
登录页面,"title:""登录页面""",http://36.99.35.139:8081,"
   主动预防型安全信息化管理系统-登录页面
  ",36.99.35.139,8081,200,China Telecom,http,Apache-Coyote/1.1,
登录页面,"title:""登录页面""",https://crm.tpco.cn:8001,CloudCC.com - 客户安全登录页面,221.239.35.49,8001,200,China Telecom,http/ssl,nginx,
登录页面,"title:""登录页面""",http://d.106xin.cn:1804,药械多维监管服务平台 - 登录页面,117.41.181.118,1804,200,China Telecom,http,Microsoft-IIS/10.0,ASP.NET
login,"title:""login""",https://d.cir.cx:443,"
   Login – CiR data storage
  ",193.46.65.156,443,200,Citytelecom LLC,http/ssl,Apache/2.4.52 (Ubuntu),
login,"title:""login""",https://172.232.193.85:8014,Login - Residential Gateway,172.232.193.85,8014,200,"Akamai Technologies, Inc.",http/ssl,Webserver,
login,"title:""login""",https://admin.macewandesign.com:8083,LOGIN - admin.macewandesign.com - Hestia Control Panel,159.89.127.210,8083,200,"DigitalOcean, LLC",http/ssl,nginx,
